INSERT INTO TraitModifiers (TraitType, ModifierId) VALUES
	('TRAIT_LEADER_MAJOR_CIV', 'SCIENCE_YIELD_DIFFICULTY_SCALING_PLAYER'),
	('TRAIT_LEADER_MAJOR_CIV', 'CULTURE_YIELD_DIFFICULTY_SCALING_PLAYER'),
	('TRAIT_LEADER_MAJOR_CIV', 'PRODUCTION_YIELD_DIFFICULTY_SCALING_PLAYER'),
	('TRAIT_LEADER_MAJOR_CIV', 'GOLD_YIELD_DIFFICULTY_SCALING_PLAYER'),
	('TRAIT_LEADER_MAJOR_CIV', 'FAITH_YIELD_DIFFICULTY_SCALING_PLAYER');
	
INSERT INTO Modifiers (ModifierId, ModifierType, OwnerRequirementSetId) VALUES
	('SCIENCE_YIELD_DIFFICULTY_SCALING_PLAYER', 'MODIFIER_PLAYER_CITIES_ADJUST_CITY_YIELD_MODIFIER', 'PLAYER_IS_HUMAN'),
	('CULTURE_YIELD_DIFFICULTY_SCALING_PLAYER', 'MODIFIER_PLAYER_CITIES_ADJUST_CITY_YIELD_MODIFIER', 'PLAYER_IS_HUMAN'),
	('PRODUCTION_YIELD_DIFFICULTY_SCALING_PLAYER', 'MODIFIER_PLAYER_CITIES_ADJUST_CITY_YIELD_MODIFIER', 'PLAYER_IS_HUMAN'),
	('GOLD_YIELD_DIFFICULTY_SCALING_PLAYER', 'MODIFIER_PLAYER_CITIES_ADJUST_CITY_YIELD_MODIFIER', 'PLAYER_IS_HUMAN'),
	('FAITH_YIELD_DIFFICULTY_SCALING_PLAYER', 'MODIFIER_PLAYER_CITIES_ADJUST_CITY_YIELD_MODIFIER', 'PLAYER_IS_HUMAN');
	
	
--- For Science, Culture and Faith, start at 42 bonus on Settler and decrease by 6, ending at 0 on Deity; For Production and  Gold, start at 21 bonus on Settler and decrease by 3, ending at 0 on Deity
INSERT INTO ModifierArguments (ModifierId, Name, Type, Value, Extra, SecondExtra) VALUES
	('SCIENCE_YIELD_DIFFICULTY_SCALING_PLAYER', 'YieldType', 'ARGTYPE_IDENTITY', 'YIELD_SCIENCE', '', 'DIFFICULTY_SETTLER'),
	('SCIENCE_YIELD_DIFFICULTY_SCALING_PLAYER', 'Amount', 'LinearScaleFromDefaultHandicap', 42, -6, 'DIFFICULTY_SETTLER'),
	('CULTURE_YIELD_DIFFICULTY_SCALING_PLAYER', 'YieldType', 'ARGTYPE_IDENTITY', 'YIELD_CULTURE', '', 'DIFFICULTY_SETTLER'),
	('CULTURE_YIELD_DIFFICULTY_SCALING_PLAYER', 'Amount', 'LinearScaleFromDefaultHandicap', 42, -6, 'DIFFICULTY_SETTLER'),
	('PRODUCTION_YIELD_DIFFICULTY_SCALING_PLAYER', 'YieldType', 'ARGTYPE_IDENTITY', 'YIELD_PRODUCTION', '', 'DIFFICULTY_SETTLER'),
	('PRODUCTION_YIELD_DIFFICULTY_SCALING_PLAYER', 'Amount', 'LinearScaleFromDefaultHandicap', 21, -3, 'DIFFICULTY_SETTLER'),
	('GOLD_YIELD_DIFFICULTY_SCALING_PLAYER', 'YieldType', 'ARGTYPE_IDENTITY', 'YIELD_GOLD', '', 'DIFFICULTY_SETTLER'),
	('GOLD_YIELD_DIFFICULTY_SCALING_PLAYER', 'Amount', 'LinearScaleFromDefaultHandicap', 21, -3, 'DIFFICULTY_SETTLER'),
	('FAITH_YIELD_DIFFICULTY_SCALING_PLAYER', 'YieldType', 'ARGTYPE_IDENTITY', 'YIELD_FAITH', '', 'DIFFICULTY_SETTLER'),
	('FAITH_YIELD_DIFFICULTY_SCALING_PLAYER', 'Amount', 'LinearScaleFromDefaultHandicap', 42, -6, 'DIFFICULTY_SETTLER');
